filename,log_sr_r,log_sr_g,log_sr_b
1-1.tiff,0.6441,0.5858,0.4919
10-1.tiff,0.6183,0.5889,0.5205
10-10.tiff,0.6216,0.5868,0.5189
10-11.tiff,0.6226,0.5864,0.5181
10-12.tiff,0.6220,0.5866,0.5187
10-13.tiff,0.6224,0.5865,0.5183
10-14.tiff,0.6208,0.5871,0.5195
10-15.tiff,0.6203,0.5873,0.5199
10-16.tiff,0.6213,0.5869,0.5192
10-17.tiff,0.6203,0.5873,0.5199
10-18.tiff,0.6222,0.5866,0.5185
10-2.tiff,0.6209,0.5872,0.5194
10-3.tiff,0.6219,0.5867,0.5186
10-4.tiff,0.6218,0.5867,0.5187
10-5.tiff,0.6226,0.5865,0.5181
10-6.tiff,0.6202,0.5872,0.5201
10-7.tiff,0.6195,0.5876,0.5205
10-8.tiff,0.6200,0.5875,0.5201
10-9.tiff,0.6206,0.5872,0.5197
11-1.tiff,0.6370,0.5865,0.5003
11-10.tiff,0.6391,0.5862,0.4980
11-11.tiff,0.6379,0.5861,0.4995
11-2.tiff,0.6378,0.5865,0.4992
11-3.tiff,0.6380,0.5864,0.4990
11-4.tiff,0.6361,0.5866,0.5012
11-5.tiff,0.6356,0.5866,0.5019
11-6.tiff,0.6360,0.5866,0.5014
11-7.tiff,0.6363,0.5866,0.5010
11-8.tiff,0.6387,0.5862,0.4984
11-9.tiff,0.6384,0.5863,0.4987
12-1.tiff,0.6358,0.5869,0.5013
12-10.tiff,0.6388,0.5863,0.4983
12-11.tiff,0.6385,0.5862,0.4986
12-12.tiff,0.6364,0.5868,0.5007
12-13.tiff,0.6363,0.5869,0.5006
12-14.tiff,0.6355,0.5871,0.5015
12-15.tiff,0.6367,0.5869,0.5001
12-16.tiff,0.6362,0.5871,0.5006
12-17.tiff,0.6362,0.5871,0.5006
12-18.tiff,0.6375,0.5865,0.4996
12-19.tiff,0.6373,0.5865,0.4999
12-2.tiff,0.6358,0.5870,0.5013
12-20.tiff,0.6383,0.5865,0.4986
12-21.tiff,0.6383,0.5865,0.4986
12-3.tiff,0.6352,0.5871,0.5019
12-4.tiff,0.6391,0.5857,0.4984
12-5.tiff,0.6355,0.5866,0.5020
12-6.tiff,0.6363,0.5870,0.5006
12-7.tiff,0.6355,0.5864,0.5022
12-8.tiff,0.6367,0.5868,0.5003
12-9.tiff,0.6365,0.5869,0.5005
13-1.tiff,0.6412,0.5858,0.4958
13-10.tiff,0.6398,0.5862,0.4969
13-11.tiff,0.6396,0.5861,0.4975
13-12.tiff,0.6414,0.5858,0.4954
13-13.tiff,0.6416,0.5857,0.4953
13-14.tiff,0.6414,0.5857,0.4955
13-15.tiff,0.6413,0.5858,0.4955
13-16.tiff,0.6412,0.5858,0.4957
13-17.tiff,0.6413,0.5858,0.4956
13-18.tiff,0.6413,0.5858,0.4956
13-2.tiff,0.6401,0.5862,0.4967
13-3.tiff,0.6403,0.5860,0.4966
13-4.tiff,0.6365,0.5868,0.5005
13-5.tiff,0.6404,0.5861,0.4963
13-6.tiff,0.6410,0.5859,0.4958
13-7.tiff,0.6415,0.5858,0.4953
13-8.tiff,0.6414,0.5858,0.4955
13-9.tiff,0.6432,0.5856,0.4933
14-1.tiff,0.6392,0.5858,0.4982
14-2.tiff,0.6393,0.5845,0.4997
14-3.tiff,0.6379,0.5854,0.5004
14-4.tiff,0.6398,0.5856,0.4977
14-5.tiff,0.6386,0.5859,0.4989
14-6.tiff,0.6384,0.5865,0.4985
14-7.tiff,0.6388,0.5862,0.4982
14-8.tiff,0.6396,0.5862,0.4972
14-9.tiff,0.6385,0.5866,0.4982
15-1.tiff,0.6313,0.5877,0.5060
15-10.tiff,0.6327,0.5873,0.5048
15-11.tiff,0.6326,0.5873,0.5049
15-12.tiff,0.6318,0.5873,0.5059
15-13.tiff,0.6308,0.5878,0.5066
15-14.tiff,0.6309,0.5872,0.5071
15-15.tiff,0.6323,0.5872,0.5054
15-16.tiff,0.6309,0.5871,0.5072
15-17.tiff,0.6320,0.5874,0.5056
15-18.tiff,0.6316,0.5876,0.5058
15-19.tiff,0.6330,0.5874,0.5043
15-2.tiff,0.6314,0.5875,0.5062
15-20.tiff,0.6325,0.5875,0.5048
15-21.tiff,0.6332,0.5867,0.5048
15-22.tiff,0.6338,0.5880,0.5026
15-23.tiff,0.6320,0.5875,0.5054
15-24.tiff,0.6325,0.5873,0.5049
15-25.tiff,0.6358,0.5858,0.5026
15-26.tiff,0.6330,0.5875,0.5042
15-27.tiff,0.6351,0.5860,0.5031
15-28.tiff,0.6326,0.5873,0.5049
15-29.tiff,0.6323,0.5873,0.5053
15-3.tiff,0.6339,0.5858,0.5049
15-4.tiff,0.6308,0.5872,0.5073
15-5.tiff,0.6326,0.5873,0.5050
15-6.tiff,0.6325,0.5873,0.5050
15-7.tiff,0.6323,0.5876,0.5049
15-8.tiff,0.6325,0.5872,0.5051
15-9.tiff,0.6326,0.5872,0.5049
16-1.tiff,0.6281,0.5876,0.5102
16-10.tiff,0.6307,0.5876,0.5070
16-11.tiff,0.6311,0.5872,0.5069
16-12.tiff,0.6297,0.5881,0.5076
16-13.tiff,0.6303,0.5872,0.5080
16-14.tiff,0.6311,0.5872,0.5069
16-15.tiff,0.6281,0.5876,0.5101
16-16.tiff,0.6277,0.5876,0.5106
16-17.tiff,0.6286,0.5875,0.5096
16-18.tiff,0.6284,0.5874,0.5100
16-19.tiff,0.6284,0.5874,0.5099
16-2.tiff,0.6276,0.5874,0.5110
16-20.tiff,0.6289,0.5866,0.5103
16-3.tiff,0.6291,0.5874,0.5091
16-4.tiff,0.6303,0.5872,0.5078
16-5.tiff,0.6290,0.5870,0.5097
16-6.tiff,0.6288,0.5869,0.5100
16-7.tiff,0.6300,0.5878,0.5076
16-8.tiff,0.6308,0.5877,0.5067
16-9.tiff,0.6308,0.5878,0.5066
17-1.tiff,0.6326,0.5872,0.5050
17-10.tiff,0.6315,0.5878,0.5056
17-11.tiff,0.6331,0.5876,0.5039
17-12.tiff,0.6337,0.5874,0.5033
17-13.tiff,0.6359,0.5871,0.5010
17-14.tiff,0.6356,0.5872,0.5012
17-15.tiff,0.6354,0.5873,0.5014
17-16.tiff,0.6354,0.5873,0.5014
17-2.tiff,0.6336,0.5871,0.5038
17-3.tiff,0.6336,0.5874,0.5035
17-4.tiff,0.6324,0.5874,0.5050
17-5.tiff,0.6331,0.5871,0.5044
17-6.tiff,0.6338,0.5870,0.5037
17-7.tiff,0.6351,0.5871,0.5019
17-8.tiff,0.6351,0.5872,0.5019
17-9.tiff,0.6337,0.5875,0.5032
18-1.tiff,0.6277,0.5870,0.5112
18-10.tiff,0.6308,0.5871,0.5074
18-11.tiff,0.6300,0.5871,0.5084
18-12.tiff,0.6304,0.5869,0.5081
18-13.tiff,0.6302,0.5869,0.5084
18-14.tiff,0.6301,0.5869,0.5084
18-15.tiff,0.6292,0.5871,0.5093
18-16.tiff,0.6297,0.5870,0.5087
18-17.tiff,0.6299,0.5870,0.5086
18-18.tiff,0.6302,0.5869,0.5082
18-2.tiff,0.6277,0.5874,0.5108
18-3.tiff,0.6305,0.5862,0.5088
18-4.tiff,0.6311,0.5862,0.5080
18-5.tiff,0.6295,0.5864,0.5097
18-6.tiff,0.6294,0.5864,0.5100
18-7.tiff,0.6301,0.5860,0.5095
18-8.tiff,0.6251,0.5880,0.5133
18-9.tiff,0.6253,0.5880,0.5131
19-1.tiff,0.6367,0.5867,0.5004
19-10.tiff,0.6359,0.5864,0.5019
19-2.tiff,0.6389,0.5856,0.4989
19-3.tiff,0.6390,0.5856,0.4988
19-4.tiff,0.6362,0.5862,0.5017
19-5.tiff,0.6365,0.5862,0.5012
19-6.tiff,0.6351,0.5868,0.5024
19-7.tiff,0.6337,0.5870,0.5038
19-8.tiff,0.6345,0.5863,0.5036
19-9.tiff,0.6357,0.5862,0.5022
2-1.tiff,0.6381,0.5864,0.4989
2-10.tiff,0.6377,0.5868,0.4991
2-11.tiff,0.6359,0.5874,0.5006
2-2.tiff,0.6383,0.5864,0.4988
2-3.tiff,0.6389,0.5863,0.4980
2-4.tiff,0.6406,0.5862,0.4960
2-5.tiff,0.6382,0.5863,0.4989
2-6.tiff,0.6347,0.5871,0.5025
2-7.tiff,0.6353,0.5873,0.5015
2-8.tiff,0.6324,0.5882,0.5042
2-9.tiff,0.6355,0.5872,0.5013
20-1.tiff,0.6563,0.5835,0.4783
20-2.tiff,0.6559,0.5837,0.4787
20-3.tiff,0.6542,0.5832,0.4815
20-4.tiff,0.6526,0.5844,0.4823
20-5.tiff,0.6528,0.5842,0.4823
20-6.tiff,0.6547,0.5834,0.4806
21-1.tiff,0.6448,0.5839,0.4932
21-10.tiff,0.6456,0.5833,0.4929
21-11.tiff,0.6455,0.5835,0.4928
21-12.tiff,0.6452,0.5837,0.4930
21-2.tiff,0.6443,0.5840,0.4938
21-3.tiff,0.6424,0.5850,0.4950
21-4.tiff,0.6432,0.5847,0.4944
21-5.tiff,0.6413,0.5827,0.4992
21-6.tiff,0.6429,0.5849,0.4945
21-7.tiff,0.6453,0.5841,0.4924
21-8.tiff,0.6452,0.5840,0.4925
21-9.tiff,0.6448,0.5840,0.4932
22-1.tiff,0.6479,0.5845,0.4885
22-10.tiff,0.6478,0.5844,0.4887
22-11.tiff,0.6464,0.5822,0.4932
22-2.tiff,0.6441,0.5854,0.4924
22-3.tiff,0.6455,0.5849,0.4911
22-4.tiff,0.6464,0.5842,0.4907
22-5.tiff,0.6478,0.5842,0.4890
22-6.tiff,0.6500,0.5842,0.4859
22-7.tiff,0.6491,0.5844,0.4871
22-8.tiff,0.6472,0.5836,0.4905
22-9.tiff,0.6509,0.5841,0.4849
23-1.tiff,0.6498,0.5825,0.4884
23-10.tiff,0.6507,0.5825,0.4872
23-2.tiff,0.6495,0.5825,0.4887
23-3.tiff,0.6499,0.5824,0.4883
23-4.tiff,0.6506,0.5823,0.4875
23-5.tiff,0.6501,0.5828,0.4875
23-6.tiff,0.6504,0.5822,0.4878
23-7.tiff,0.6503,0.5823,0.4879
23-8.tiff,0.6505,0.5821,0.4878
23-9.tiff,0.6506,0.5823,0.4875
24-1.tiff,0.6340,0.5851,0.5057
24-10.tiff,0.6330,0.5857,0.5063
24-11.tiff,0.6353,0.5853,0.5038
24-12.tiff,0.6342,0.5855,0.5050
24-13.tiff,0.6346,0.5854,0.5046
24-2.tiff,0.6344,0.5854,0.5048
24-3.tiff,0.6345,0.5853,0.5047
24-4.tiff,0.6329,0.5860,0.5060
24-5.tiff,0.6344,0.5856,0.5046
24-6.tiff,0.6356,0.5853,0.5034
24-7.tiff,0.6342,0.5857,0.5047
24-8.tiff,0.6345,0.5855,0.5046
24-9.tiff,0.6350,0.5852,0.5043
25-1.tiff,0.6434,0.5851,0.4937
25-10.tiff,0.6430,0.5846,0.4948
25-11.tiff,0.6403,0.5857,0.4969
25-12.tiff,0.6399,0.5861,0.4969
25-13.tiff,0.6417,0.5848,0.4963
25-14.tiff,0.6419,0.5848,0.4960
25-15.tiff,0.6427,0.5846,0.4951
25-16.tiff,0.6420,0.5852,0.4954
25-2.tiff,0.6433,0.5850,0.4939
25-3.tiff,0.6419,0.5854,0.4953
25-4.tiff,0.6422,0.5850,0.4953
25-5.tiff,0.6410,0.5846,0.4974
25-6.tiff,0.6443,0.5840,0.4938
25-7.tiff,0.6418,0.5846,0.4963
25-8.tiff,0.6420,0.5846,0.4960
25-9.tiff,0.6408,0.5843,0.4980
26-1.tiff,0.6456,0.5847,0.4913
26-10.tiff,0.6461,0.5845,0.4908
26-11.tiff,0.6452,0.5847,0.4917
26-12.tiff,0.6452,0.5847,0.4918
26-13.tiff,0.6452,0.5847,0.4918
26-14.tiff,0.6450,0.5847,0.4921
26-15.tiff,0.6453,0.5848,0.4916
26-16.tiff,0.6453,0.5848,0.4915
26-2.tiff,0.6453,0.5847,0.4916
26-3.tiff,0.6459,0.5847,0.4908
26-4.tiff,0.6452,0.5847,0.4917
26-5.tiff,0.6469,0.5844,0.4898
26-6.tiff,0.6462,0.5846,0.4907
26-7.tiff,0.6466,0.5845,0.4902
26-8.tiff,0.6457,0.5847,0.4912
26-9.tiff,0.6455,0.5846,0.4914
27-1.tiff,0.6498,0.5844,0.4860
27-2.tiff,0.6494,0.5819,0.4896
27-3.tiff,0.6510,0.5841,0.4848
27-4.tiff,0.6503,0.5845,0.4852
27-5.tiff,0.6497,0.5847,0.4857
27-6.tiff,0.6504,0.5841,0.4856
27-7.tiff,0.6498,0.5822,0.4887
27-8.tiff,0.6519,0.5829,0.4850
27-9.tiff,0.6518,0.5838,0.4841
28-1.tiff,0.6427,0.5851,0.4946
28-10.tiff,0.6404,0.5858,0.4967
28-11.tiff,0.6405,0.5857,0.4967
28-12.tiff,0.6419,0.5843,0.4965
28-13.tiff,0.6415,0.5847,0.4965
28-14.tiff,0.6395,0.5853,0.4984
28-15.tiff,0.6394,0.5856,0.4982
28-2.tiff,0.6418,0.5845,0.4964
28-3.tiff,0.6395,0.5861,0.4975
28-4.tiff,0.6411,0.5858,0.4958
28-5.tiff,0.6422,0.5854,0.4949
28-6.tiff,0.6391,0.5864,0.4977
28-7.tiff,0.6415,0.5858,0.4953
28-8.tiff,0.6421,0.5860,0.4943
28-9.tiff,0.6419,0.5855,0.4951
29-1.tiff,0.6511,0.5836,0.4852
29-10.tiff,0.6508,0.5833,0.4860
29-11.tiff,0.6513,0.5835,0.4852
29-2.tiff,0.6462,0.5851,0.4899
29-3.tiff,0.6491,0.5829,0.4888
29-4.tiff,0.6489,0.5827,0.4893
29-5.tiff,0.6518,0.5842,0.4836
29-6.tiff,0.6508,0.5841,0.4850
29-7.tiff,0.6506,0.5836,0.4860
29-8.tiff,0.6503,0.5836,0.4864
29-9.tiff,0.6515,0.5837,0.4846
3-1.tiff,0.6406,0.5859,0.4964
3-10.tiff,0.6421,0.5856,0.4948
3-2.tiff,0.6424,0.5855,0.4944
3-3.tiff,0.6454,0.5848,0.4915
3-4.tiff,0.6388,0.5859,0.4986
3-5.tiff,0.6422,0.5852,0.4951
3-6.tiff,0.6439,0.5851,0.4930
3-7.tiff,0.6452,0.5847,0.4918
3-8.tiff,0.6445,0.5852,0.4920
3-9.tiff,0.6450,0.5852,0.4914
30-1.tiff,0.6440,0.5848,0.4932
30-10.tiff,0.6448,0.5838,0.4933
30-11.tiff,0.6465,0.5840,0.4909
30-12.tiff,0.6460,0.5846,0.4908
30-13.tiff,0.6429,0.5837,0.4959
30-14.tiff,0.6431,0.5832,0.4963
30-15.tiff,0.6445,0.5835,0.4942
30-16.tiff,0.6440,0.5850,0.4929
30-17.tiff,0.6449,0.5841,0.4928
30-18.tiff,0.6448,0.5828,0.4945
30-2.tiff,0.6415,0.5844,0.4969
30-3.tiff,0.6398,0.5867,0.4964
30-4.tiff,0.6438,0.5860,0.4920
30-5.tiff,0.6430,0.5863,0.4929
30-6.tiff,0.6380,0.5869,0.4986
30-7.tiff,0.6374,0.5852,0.5012
30-8.tiff,0.6417,0.5845,0.4966
30-9.tiff,0.6446,0.5833,0.4943
31-1.tiff,0.6457,0.5849,0.4908
31-10.tiff,0.6448,0.5852,0.4917
31-11.tiff,0.6457,0.5852,0.4904
31-12.tiff,0.6456,0.5853,0.4906
31-13.tiff,0.6429,0.5859,0.4933
31-14.tiff,0.6479,0.5848,0.4880
31-15.tiff,0.6461,0.5850,0.4903
31-16.tiff,0.6456,0.5849,0.4910
31-2.tiff,0.6456,0.5850,0.4909
31-3.tiff,0.6471,0.5846,0.4893
31-4.tiff,0.6462,0.5849,0.4902
31-5.tiff,0.6477,0.5848,0.4883
31-6.tiff,0.6468,0.5847,0.4897
31-7.tiff,0.6459,0.5849,0.4906
31-8.tiff,0.6459,0.5849,0.4907
31-9.tiff,0.6461,0.5848,0.4904
32-1.tiff,0.6453,0.5824,0.4943
32-2.tiff,0.6454,0.5825,0.4941
32-3.tiff,0.6460,0.5828,0.4930
32-4.tiff,0.6438,0.5852,0.4931
32-5.tiff,0.6444,0.5840,0.4937
32-6.tiff,0.6437,0.5842,0.4943
32-7.tiff,0.6469,0.5828,0.4918
32-8.tiff,0.6473,0.5829,0.4911
33-1.tiff,0.6378,0.5868,0.4988
33-10.tiff,0.6387,0.5867,0.4978
33-11.tiff,0.6390,0.5866,0.4975
33-12.tiff,0.6421,0.5861,0.4942
33-13.tiff,0.6381,0.5867,0.4986
33-14.tiff,0.6384,0.5867,0.4982
33-15.tiff,0.6375,0.5859,0.5004
33-16.tiff,0.6388,0.5872,0.4971
33-17.tiff,0.6379,0.5867,0.4989
33-18.tiff,0.6379,0.5872,0.4983
33-19.tiff,0.6410,0.5861,0.4957
33-2.tiff,0.6423,0.5857,0.4944
33-20.tiff,0.6386,0.5859,0.4989
33-21.tiff,0.6381,0.5869,0.4984
33-22.tiff,0.6387,0.5872,0.4972
33-23.tiff,0.6390,0.5871,0.4970
33-24.tiff,0.6413,0.5863,0.4949
33-25.tiff,0.6409,0.5859,0.4960
33-26.tiff,0.6396,0.5860,0.4976
33-27.tiff,0.6386,0.5863,0.4984
33-3.tiff,0.6373,0.5867,0.4996
33-4.tiff,0.6375,0.5868,0.4992
33-5.tiff,0.6374,0.5868,0.4993
33-6.tiff,0.6412,0.5858,0.4957
33-7.tiff,0.6432,0.5857,0.4932
33-8.tiff,0.6379,0.5862,0.4995
33-9.tiff,0.6376,0.5868,0.4991
34-1.tiff,0.6427,0.5845,0.4952
34-10.tiff,0.6420,0.5834,0.4974
34-11.tiff,0.6383,0.5857,0.4996
34-12.tiff,0.6381,0.5858,0.4997
34-13.tiff,0.6430,0.5815,0.4983
34-14.tiff,0.6398,0.5859,0.4974
34-2.tiff,0.6420,0.5840,0.4968
34-3.tiff,0.6427,0.5839,0.4959
34-4.tiff,0.6413,0.5842,0.4975
34-5.tiff,0.6452,0.5810,0.4962
34-6.tiff,0.6478,0.5787,0.4954
34-7.tiff,0.6463,0.5792,0.4968
34-8.tiff,0.6453,0.5791,0.4981
34-9.tiff,0.6457,0.5790,0.4977
35-1.tiff,0.6398,0.5863,0.4969
35-10.tiff,0.6418,0.5862,0.4945
35-11.tiff,0.6415,0.5859,0.4952
35-12.tiff,0.6426,0.5858,0.4939
35-13.tiff,0.6443,0.5860,0.4914
35-14.tiff,0.6426,0.5859,0.4938
35-15.tiff,0.6428,0.5856,0.4938
35-16.tiff,0.6414,0.5864,0.4947
35-17.tiff,0.6400,0.5863,0.4966
35-18.tiff,0.6446,0.5854,0.4917
35-2.tiff,0.6445,0.5841,0.4933
35-3.tiff,0.6422,0.5843,0.4961
35-4.tiff,0.6430,0.5856,0.4937
35-5.tiff,0.6421,0.5861,0.4941
35-6.tiff,0.6443,0.5849,0.4927
35-7.tiff,0.6433,0.5845,0.4945
35-8.tiff,0.6406,0.5867,0.4955
35-9.tiff,0.6419,0.5854,0.4951
36-1.tiff,0.6455,0.5811,0.4956
36-10.tiff,0.6449,0.5819,0.4955
36-11.tiff,0.6441,0.5832,0.4950
36-12.tiff,0.6396,0.5835,0.5004
36-13.tiff,0.6414,0.5838,0.4978
36-14.tiff,0.6408,0.5832,0.4992
36-15.tiff,0.6414,0.5831,0.4986
36-16.tiff,0.6414,0.5841,0.4974
36-2.tiff,0.6424,0.5823,0.4982
36-3.tiff,0.6419,0.5854,0.4954
36-4.tiff,0.6380,0.5866,0.4988
36-5.tiff,0.6341,0.5864,0.5040
36-6.tiff,0.6370,0.5861,0.5007
36-7.tiff,0.6374,0.5862,0.5002
36-8.tiff,0.6386,0.5862,0.4986
36-9.tiff,0.6464,0.5838,0.4912
37-1.tiff,0.6403,0.5861,0.4966
37-10.tiff,0.6412,0.5859,0.4956
37-11.tiff,0.6440,0.5856,0.4923
37-12.tiff,0.6500,0.5843,0.4859
37-13.tiff,0.6443,0.5859,0.4915
37-14.tiff,0.6435,0.5858,0.4928
37-15.tiff,0.6446,0.5857,0.4913
37-16.tiff,0.6472,0.5860,0.4876
37-17.tiff,0.6529,0.5845,0.4818
37-18.tiff,0.6457,0.5856,0.4900
37-19.tiff,0.6437,0.5856,0.4927
37-2.tiff,0.6396,0.5862,0.4973
37-20.tiff,0.6414,0.5860,0.4953
37-21.tiff,0.6443,0.5857,0.4918
37-22.tiff,0.6464,0.5851,0.4897
37-3.tiff,0.6396,0.5861,0.4973
37-4.tiff,0.6437,0.5856,0.4927
37-5.tiff,0.6481,0.5859,0.4865
37-6.tiff,0.6469,0.5854,0.4887
37-7.tiff,0.6454,0.5858,0.4902
37-8.tiff,0.6420,0.5867,0.4935
37-9.tiff,0.6414,0.5861,0.4952
38-1.tiff,0.6371,0.5863,0.5004
38-10.tiff,0.6352,0.5866,0.5024
38-11.tiff,0.6381,0.5863,0.4991
38-12.tiff,0.6375,0.5863,0.4998
38-13.tiff,0.6380,0.5867,0.4988
38-14.tiff,0.6370,0.5861,0.5006
38-2.tiff,0.6419,0.5827,0.4984
38-3.tiff,0.6420,0.5827,0.4983
38-4.tiff,0.6403,0.5831,0.5000
38-5.tiff,0.6386,0.5832,0.5021
38-6.tiff,0.6354,0.5845,0.5045
38-7.tiff,0.6382,0.5861,0.4991
38-8.tiff,0.6339,0.5867,0.5039
38-9.tiff,0.6344,0.5866,0.5035
39-1.tiff,0.6321,0.5855,0.5076
39-10.tiff,0.6356,0.5846,0.5042
39-11.tiff,0.6337,0.5850,0.5062
39-2.tiff,0.6311,0.5857,0.5086
39-3.tiff,0.6339,0.5841,0.5069
39-4.tiff,0.6278,0.5856,0.5127
39-5.tiff,0.6286,0.5864,0.5108
39-6.tiff,0.6323,0.5871,0.5055
39-7.tiff,0.6381,0.5843,0.5015
39-8.tiff,0.6393,0.5852,0.4988
39-9.tiff,0.6338,0.5849,0.5062
4-1.tiff,0.6439,0.5867,0.4910
4-2.tiff,0.6472,0.5859,0.4877
4-3.tiff,0.6468,0.5860,0.4882
4-4.tiff,0.6472,0.5859,0.4878
4-5.tiff,0.6449,0.5866,0.4899
4-6.tiff,0.6473,0.5859,0.4876
4-7.tiff,0.6472,0.5859,0.4877
4-8.tiff,0.6470,0.5861,0.4877
4-9.tiff,0.6473,0.5859,0.4876
40-1.tiff,0.6297,0.5857,0.5103
40-10.tiff,0.6372,0.5850,0.5017
40-11.tiff,0.6371,0.5849,0.5019
40-12.tiff,0.6371,0.5850,0.5020
40-13.tiff,0.6363,0.5851,0.5027
40-14.tiff,0.6364,0.5851,0.5027
40-15.tiff,0.6364,0.5851,0.5027
40-16.tiff,0.6355,0.5851,0.5038
40-17.tiff,0.6350,0.5852,0.5043
40-18.tiff,0.6353,0.5850,0.5042
40-19.tiff,0.6366,0.5849,0.5027
40-2.tiff,0.6299,0.5861,0.5096
40-20.tiff,0.6367,0.5835,0.5040
40-3.tiff,0.6336,0.5855,0.5057
40-4.tiff,0.6388,0.5849,0.4999
40-5.tiff,0.6342,0.5855,0.5049
40-6.tiff,0.6347,0.5853,0.5045
40-7.tiff,0.6336,0.5854,0.5059
40-8.tiff,0.6365,0.5851,0.5025
40-9.tiff,0.6365,0.5851,0.5024
41-1.tiff,0.6412,0.5864,0.4950
41-10.tiff,0.6429,0.5863,0.4928
41-11.tiff,0.6414,0.5861,0.4950
41-12.tiff,0.6398,0.5866,0.4964
41-13.tiff,0.6423,0.5859,0.4941
41-14.tiff,0.6470,0.5859,0.4879
41-15.tiff,0.6474,0.5853,0.4881
41-16.tiff,0.6450,0.5858,0.4907
41-2.tiff,0.6403,0.5863,0.4963
41-3.tiff,0.6418,0.5857,0.4950
41-4.tiff,0.6399,0.5867,0.4963
41-5.tiff,0.6377,0.5867,0.4991
41-6.tiff,0.6410,0.5863,0.4954
41-7.tiff,0.6414,0.5863,0.4948
41-8.tiff,0.6421,0.5863,0.4939
41-9.tiff,0.6433,0.5859,0.4928
42-1.tiff,0.6276,0.5865,0.5120
42-10.tiff,0.6357,0.5851,0.5035
42-11.tiff,0.6358,0.5850,0.5035
42-12.tiff,0.6389,0.5843,0.5004
42-13.tiff,0.6385,0.5845,0.5006
42-14.tiff,0.6372,0.5849,0.5018
42-15.tiff,0.6388,0.5846,0.5002
42-16.tiff,0.6360,0.5854,0.5029
42-17.tiff,0.6383,0.5866,0.4985
42-18.tiff,0.6375,0.5849,0.5015
42-19.tiff,0.6357,0.5851,0.5035
42-2.tiff,0.6327,0.5850,0.5074
42-20.tiff,0.6373,0.5849,0.5018
42-21.tiff,0.6416,0.5851,0.4959
42-22.tiff,0.6408,0.5849,0.4972
42-23.tiff,0.6405,0.5856,0.4969
42-24.tiff,0.6408,0.5845,0.4977
42-25.tiff,0.6411,0.5857,0.4959
42-26.tiff,0.6393,0.5855,0.4985
42-3.tiff,0.6354,0.5849,0.5041
42-4.tiff,0.6357,0.5850,0.5036
42-5.tiff,0.6318,0.5849,0.5087
42-6.tiff,0.6352,0.5847,0.5046
42-7.tiff,0.6340,0.5858,0.5048
42-8.tiff,0.6328,0.5859,0.5062
42-9.tiff,0.6321,0.5855,0.5076
43-1.tiff,0.6368,0.5865,0.5005
43-10.tiff,0.6313,0.5869,0.5070
43-11.tiff,0.6371,0.5864,0.5002
43-12.tiff,0.6402,0.5858,0.4970
43-13.tiff,0.6384,0.5854,0.4998
43-14.tiff,0.6381,0.5854,0.5002
43-15.tiff,0.6385,0.5865,0.4983
43-16.tiff,0.6435,0.5842,0.4946
43-17.tiff,0.6390,0.5856,0.4987
43-18.tiff,0.6413,0.5849,0.4966
43-19.tiff,0.6376,0.5861,0.5000
43-2.tiff,0.6363,0.5862,0.5015
43-20.tiff,0.6353,0.5861,0.5029
43-21.tiff,0.6359,0.5863,0.5019
43-3.tiff,0.6362,0.5861,0.5017
43-4.tiff,0.6364,0.5861,0.5015
43-5.tiff,0.6361,0.5864,0.5016
43-6.tiff,0.6368,0.5866,0.5004
43-7.tiff,0.6344,0.5868,0.5033
43-8.tiff,0.6379,0.5856,0.5002
43-9.tiff,0.6423,0.5860,0.4940
44-1.tiff,0.6457,0.5856,0.4900
44-10.tiff,0.6485,0.5859,0.4859
44-11.tiff,0.6455,0.5860,0.4899
44-12.tiff,0.6437,0.5851,0.4934
44-13.tiff,0.6451,0.5848,0.4918
44-14.tiff,0.6469,0.5851,0.4890
44-15.tiff,0.6464,0.5859,0.4887
44-16.tiff,0.6407,0.5850,0.4973
44-17.tiff,0.6425,0.5851,0.4947
44-18.tiff,0.6456,0.5839,0.4922
44-2.tiff,0.6461,0.5858,0.4893
44-3.tiff,0.6403,0.5863,0.4962
44-4.tiff,0.6440,0.5850,0.4930
44-5.tiff,0.6431,0.5850,0.4942
44-6.tiff,0.6428,0.5857,0.4937
44-7.tiff,0.6446,0.5852,0.4920
44-8.tiff,0.6453,0.5855,0.4907
44-9.tiff,0.6461,0.5849,0.4903
45-1.tiff,0.6475,0.5859,0.4873
45-10.tiff,0.6471,0.5855,0.4883
45-11.tiff,0.6456,0.5851,0.4908
45-12.tiff,0.6476,0.5848,0.4885
45-13.tiff,0.6450,0.5855,0.4912
45-14.tiff,0.6465,0.5849,0.4898
45-15.tiff,0.6450,0.5859,0.4907
45-16.tiff,0.6466,0.5859,0.4886
45-17.tiff,0.6495,0.5850,0.4857
45-18.tiff,0.6482,0.5857,0.4867
45-19.tiff,0.6464,0.5859,0.4888
45-2.tiff,0.6440,0.5866,0.4911
45-20.tiff,0.6464,0.5859,0.4888
45-3.tiff,0.6467,0.5858,0.4884
45-4.tiff,0.6392,0.5869,0.4970
45-5.tiff,0.6401,0.5867,0.4960
45-6.tiff,0.6418,0.5862,0.4945
45-7.tiff,0.6443,0.5852,0.4924
45-8.tiff,0.6469,0.5859,0.4881
45-9.tiff,0.6465,0.5851,0.4896
46-1.tiff,0.6328,0.5871,0.5049
46-10.tiff,0.6390,0.5861,0.4982
46-11.tiff,0.6387,0.5861,0.4986
46-12.tiff,0.6372,0.5869,0.4995
46-13.tiff,0.6384,0.5861,0.4989
46-14.tiff,0.6359,0.5863,0.5018
46-15.tiff,0.6382,0.5864,0.4989
46-16.tiff,0.6383,0.5864,0.4988
46-2.tiff,0.6377,0.5867,0.4991
46-3.tiff,0.6349,0.5873,0.5020
46-4.tiff,0.6291,0.5872,0.5094
46-5.tiff,0.6339,0.5874,0.5032
46-6.tiff,0.6345,0.5870,0.5027
46-7.tiff,0.6331,0.5871,0.5045
46-8.tiff,0.6346,0.5868,0.5029
46-9.tiff,0.6414,0.5849,0.4965
47-1.tiff,0.6522,0.5843,0.4829
47-10.tiff,0.6528,0.5844,0.4820
47-11.tiff,0.6536,0.5845,0.4808
47-12.tiff,0.6574,0.5843,0.4757
47-2.tiff,0.6309,0.5887,0.5054
47-3.tiff,0.6306,0.5891,0.5054
47-4.tiff,0.6431,0.5866,0.4922
47-5.tiff,0.6337,0.5885,0.5021
47-6.tiff,0.6523,0.5843,0.4828
47-7.tiff,0.6531,0.5842,0.4818
47-8.tiff,0.6529,0.5845,0.4817
47-9.tiff,0.6540,0.5841,0.4807
48-1.tiff,0.6430,0.5852,0.4941
48-10.tiff,0.6547,0.5830,0.4811
48-11.tiff,0.6521,0.5836,0.4839
48-12.tiff,0.6540,0.5833,0.4818
48-13.tiff,0.6558,0.5832,0.4794
48-14.tiff,0.6570,0.5828,0.4782
48-2.tiff,0.6444,0.5857,0.4917
48-3.tiff,0.6429,0.5861,0.4932
48-4.tiff,0.6424,0.5862,0.4937
48-5.tiff,0.6404,0.5866,0.4958
48-6.tiff,0.6373,0.5870,0.4992
48-7.tiff,0.6530,0.5835,0.4828
48-8.tiff,0.6527,0.5835,0.4832
48-9.tiff,0.6524,0.5833,0.4838
49-1.tiff,0.6491,0.5839,0.4875
49-10.tiff,0.6472,0.5837,0.4903
49-11.tiff,0.6436,0.5852,0.4933
49-12.tiff,0.6463,0.5843,0.4908
49-2.tiff,0.6469,0.5833,0.4912
49-3.tiff,0.6358,0.5867,0.5016
49-4.tiff,0.6391,0.5860,0.4982
49-5.tiff,0.6385,0.5858,0.4991
49-6.tiff,0.6361,0.5868,0.5011
49-7.tiff,0.6386,0.5865,0.4982
49-8.tiff,0.6471,0.5846,0.4894
49-9.tiff,0.6487,0.5829,0.4893
5-1.tiff,0.6421,0.5862,0.4940
5-10.tiff,0.6437,0.5860,0.4922
5-11.tiff,0.6445,0.5858,0.4914
5-2.tiff,0.6435,0.5860,0.4924
5-3.tiff,0.6444,0.5859,0.4914
5-4.tiff,0.6446,0.5858,0.4912
5-5.tiff,0.6443,0.5859,0.4916
5-6.tiff,0.6437,0.5859,0.4923
5-7.tiff,0.6448,0.5859,0.4909
5-8.tiff,0.6450,0.5858,0.4908
5-9.tiff,0.6434,0.5861,0.4925
50-1.tiff,0.6387,0.5841,0.5008
50-10.tiff,0.6410,0.5802,0.5024
50-11.tiff,0.6321,0.5873,0.5055
50-12.tiff,0.6325,0.5871,0.5052
50-13.tiff,0.6357,0.5843,0.5044
50-2.tiff,0.6387,0.5825,0.5027
50-3.tiff,0.6365,0.5868,0.5005
50-4.tiff,0.6327,0.5866,0.5056
50-5.tiff,0.6312,0.5863,0.5078
50-6.tiff,0.6402,0.5806,0.5030
50-7.tiff,0.6418,0.5816,0.4999
50-8.tiff,0.6408,0.5820,0.5007
50-9.tiff,0.6380,0.5858,0.4998
51-1.tiff,0.6337,0.5873,0.5036
51-10.tiff,0.6403,0.5854,0.4974
51-11.tiff,0.6405,0.5860,0.4963
51-12.tiff,0.6377,0.5858,0.5001
51-13.tiff,0.6384,0.5858,0.4993
51-14.tiff,0.6401,0.5857,0.4973
51-15.tiff,0.6380,0.5860,0.4996
51-16.tiff,0.6376,0.5868,0.4992
51-17.tiff,0.6376,0.5860,0.5002
51-2.tiff,0.6397,0.5840,0.4997
51-3.tiff,0.6409,0.5836,0.4986
51-4.tiff,0.6336,0.5865,0.5045
51-5.tiff,0.6306,0.5875,0.5071
51-6.tiff,0.6278,0.5875,0.5105
51-7.tiff,0.6340,0.5872,0.5033
51-8.tiff,0.6410,0.5857,0.4961
51-9.tiff,0.6388,0.5855,0.4991
52-1.tiff,0.6525,0.5842,0.4827
52-10.tiff,0.6525,0.5841,0.4827
52-11.tiff,0.6510,0.5843,0.4846
52-12.tiff,0.6534,0.5836,0.4822
52-13.tiff,0.6509,0.5847,0.4842
52-2.tiff,0.6409,0.5857,0.4962
52-3.tiff,0.6431,0.5846,0.4947
52-4.tiff,0.6367,0.5878,0.4990
52-5.tiff,0.6389,0.5873,0.4968
52-6.tiff,0.6338,0.5879,0.5027
52-7.tiff,0.6399,0.5873,0.4956
52-8.tiff,0.6390,0.5876,0.4963
52-9.tiff,0.6473,0.5847,0.4891
53-1.tiff,0.6500,0.5842,0.4861
53-10.tiff,0.6517,0.5835,0.4846
53-11.tiff,0.6504,0.5836,0.4862
53-12.tiff,0.6496,0.5836,0.4873
53-13.tiff,0.6507,0.5841,0.4852
53-14.tiff,0.6498,0.5835,0.4872
53-15.tiff,0.6493,0.5842,0.4869
53-16.tiff,0.6503,0.5834,0.4866
53-17.tiff,0.6500,0.5837,0.4866
53-2.tiff,0.6484,0.5846,0.4878
53-3.tiff,0.6470,0.5840,0.4902
53-4.tiff,0.6483,0.5827,0.4901
53-5.tiff,0.6489,0.5844,0.4873
53-6.tiff,0.6455,0.5852,0.4908
53-7.tiff,0.6487,0.5845,0.4874
53-8.tiff,0.6498,0.5839,0.4867
53-9.tiff,0.6500,0.5838,0.4865
54-1.tiff,0.6356,0.5867,0.5017
54-10.tiff,0.6396,0.5860,0.4975
54-11.tiff,0.6388,0.5863,0.4982
54-12.tiff,0.6413,0.5851,0.4964
54-13.tiff,0.6415,0.5849,0.4964
54-14.tiff,0.6386,0.5861,0.4987
54-15.tiff,0.6358,0.5865,0.5018
54-16.tiff,0.6368,0.5863,0.5008
54-2.tiff,0.6449,0.5851,0.4917
54-3.tiff,0.6468,0.5844,0.4900
54-4.tiff,0.6409,0.5837,0.4987
54-5.tiff,0.6359,0.5864,0.5017
54-6.tiff,0.6418,0.5855,0.4952
54-7.tiff,0.6416,0.5856,0.4954
54-8.tiff,0.6418,0.5858,0.4948
54-9.tiff,0.6402,0.5854,0.4975
55-1.tiff,0.6388,0.5866,0.4978
55-10.tiff,0.6404,0.5862,0.4963
55-11.tiff,0.6382,0.5859,0.4994
55-12.tiff,0.6392,0.5859,0.4982
55-13.tiff,0.6395,0.5857,0.4980
55-2.tiff,0.6407,0.5811,0.5018
55-3.tiff,0.6437,0.5830,0.4957
55-4.tiff,0.6395,0.5860,0.4977
55-5.tiff,0.6336,0.5866,0.5045
55-6.tiff,0.6424,0.5830,0.4974
55-7.tiff,0.6389,0.5855,0.4990
55-8.tiff,0.6401,0.5864,0.4964
55-9.tiff,0.6396,0.5864,0.4970
56-1.tiff,0.6476,0.5863,0.4867
56-10.tiff,0.6462,0.5857,0.4893
56-11.tiff,0.6469,0.5859,0.4881
56-12.tiff,0.6472,0.5857,0.4879
56-13.tiff,0.6446,0.5856,0.4914
56-14.tiff,0.6462,0.5865,0.4883
56-15.tiff,0.6503,0.5856,0.4839
56-16.tiff,0.6530,0.5855,0.4804
56-17.tiff,0.6473,0.5865,0.4868
56-18.tiff,0.6502,0.5856,0.4840
56-19.tiff,0.6526,0.5849,0.4816
56-2.tiff,0.6510,0.5799,0.4898
56-20.tiff,0.6477,0.5857,0.4873
56-3.tiff,0.6491,0.5835,0.4880
56-4.tiff,0.6464,0.5831,0.4922
56-5.tiff,0.6479,0.5858,0.4869
56-6.tiff,0.6451,0.5858,0.4906
56-7.tiff,0.6454,0.5855,0.4906
56-8.tiff,0.6458,0.5856,0.4900
56-9.tiff,0.6445,0.5867,0.4902
57-1.tiff,0.6521,0.5851,0.4822
57-10.tiff,0.6545,0.5848,0.4791
57-11.tiff,0.6537,0.5849,0.4801
57-12.tiff,0.6547,0.5846,0.4791
57-13.tiff,0.6544,0.5846,0.4795
57-14.tiff,0.6540,0.5848,0.4799
57-15.tiff,0.6544,0.5848,0.4794
57-16.tiff,0.6544,0.5848,0.4793
57-2.tiff,0.6521,0.5848,0.4824
57-3.tiff,0.6486,0.5861,0.4857
57-4.tiff,0.6528,0.5848,0.4816
57-5.tiff,0.6538,0.5847,0.4803
57-6.tiff,0.6508,0.5854,0.4836
57-7.tiff,0.6532,0.5848,0.4810
57-8.tiff,0.6557,0.5843,0.4782
57-9.tiff,0.6538,0.5849,0.4801
58-1.tiff,0.6346,0.5881,0.5014
58-10.tiff,0.6396,0.5867,0.4967
58-11.tiff,0.6352,0.5879,0.5008
58-12.tiff,0.6375,0.5872,0.4988
58-2.tiff,0.6303,0.5893,0.5054
58-3.tiff,0.6235,0.5903,0.5127
58-4.tiff,0.6295,0.5896,0.5061
58-5.tiff,0.6226,0.5905,0.5134
58-6.tiff,0.6338,0.5883,0.5022
58-7.tiff,0.6381,0.5870,0.4982
58-8.tiff,0.6398,0.5866,0.4965
58-9.tiff,0.6394,0.5869,0.4968
59-1.tiff,0.6244,0.5896,0.5123
59-2.tiff,0.6195,0.5908,0.5169
59-3.tiff,0.6196,0.5908,0.5167
59-4.tiff,0.6216,0.5904,0.5148
59-5.tiff,0.6202,0.5906,0.5163
59-6.tiff,0.6202,0.5906,0.5164
59-7.tiff,0.6206,0.5904,0.5160
59-8.tiff,0.6207,0.5905,0.5158
6-1.tiff,0.6505,0.5853,0.4840
6-10.tiff,0.6508,0.5853,0.4837
6-2.tiff,0.6506,0.5855,0.4836
6-3.tiff,0.6507,0.5853,0.4838
6-4.tiff,0.6508,0.5849,0.4841
6-5.tiff,0.6503,0.5847,0.4850
6-6.tiff,0.6504,0.5853,0.4842
6-7.tiff,0.6504,0.5853,0.4841
6-8.tiff,0.6505,0.5853,0.4840
6-9.tiff,0.6504,0.5855,0.4839
60-1.tiff,0.6330,0.5891,0.5023
60-2.tiff,0.6342,0.5894,0.5004
60-3.tiff,0.6346,0.5893,0.5001
60-4.tiff,0.6317,0.5895,0.5035
60-5.tiff,0.6326,0.5897,0.5022
60-6.tiff,0.6315,0.5896,0.5036
61-1.tiff,0.6329,0.5897,0.5017
61-10.tiff,0.6323,0.5903,0.5017
61-11.tiff,0.6313,0.5900,0.5033
61-12.tiff,0.6319,0.5903,0.5022
61-13.tiff,0.6315,0.5905,0.5026
61-2.tiff,0.6307,0.5896,0.5046
61-3.tiff,0.6320,0.5894,0.5032
61-4.tiff,0.6299,0.5894,0.5058
61-5.tiff,0.6289,0.5896,0.5067
61-6.tiff,0.6315,0.5905,0.5026
61-7.tiff,0.6311,0.5897,0.5039
61-8.tiff,0.6301,0.5906,0.5041
61-9.tiff,0.6310,0.5905,0.5031
62-1.tiff,0.6501,0.5809,0.4898
62-10.tiff,0.6380,0.5853,0.5003
62-11.tiff,0.6420,0.5856,0.4949
62-12.tiff,0.6394,0.5849,0.4991
62-13.tiff,0.6429,0.5836,0.4960
62-14.tiff,0.6457,0.5851,0.4907
62-2.tiff,0.6461,0.5844,0.4910
62-3.tiff,0.6455,0.5848,0.4913
62-4.tiff,0.6483,0.5838,0.4887
62-5.tiff,0.6427,0.5834,0.4965
62-6.tiff,0.6414,0.5852,0.4961
62-7.tiff,0.6383,0.5864,0.4988
62-8.tiff,0.6465,0.5848,0.4900
62-9.tiff,0.6423,0.5850,0.4952
63-1.tiff,0.6284,0.5880,0.5093
63-10.tiff,0.6364,0.5863,0.5012
63-11.tiff,0.6367,0.5865,0.5006
63-12.tiff,0.6356,0.5867,0.5018
63-13.tiff,0.6357,0.5867,0.5016
63-2.tiff,0.6317,0.5875,0.5058
63-3.tiff,0.6297,0.5875,0.5082
63-4.tiff,0.6259,0.5880,0.5125
63-5.tiff,0.6267,0.5881,0.5112
63-6.tiff,0.6350,0.5865,0.5028
63-7.tiff,0.6352,0.5870,0.5020
63-8.tiff,0.6373,0.5864,0.5000
63-9.tiff,0.6361,0.5869,0.5009
64-1.tiff,0.6305,0.5856,0.5095
64-10.tiff,0.6356,0.5870,0.5015
64-11.tiff,0.6359,0.5869,0.5012
64-12.tiff,0.6352,0.5869,0.5020
64-13.tiff,0.6363,0.5867,0.5008
64-14.tiff,0.6347,0.5871,0.5024
64-15.tiff,0.6360,0.5869,0.5009
64-16.tiff,0.6338,0.5868,0.5041
64-17.tiff,0.6339,0.5866,0.5041
64-2.tiff,0.6259,0.5869,0.5136
64-3.tiff,0.6336,0.5854,0.5058
64-4.tiff,0.6263,0.5875,0.5125
64-5.tiff,0.6341,0.5865,0.5040
64-6.tiff,0.6343,0.5864,0.5038
64-7.tiff,0.6348,0.5864,0.5032
64-8.tiff,0.6358,0.5861,0.5023
64-9.tiff,0.6339,0.5865,0.5042
65-1.tiff,0.6640,0.5844,0.4665
65-10.tiff,0.6611,0.5839,0.4711
65-11.tiff,0.6604,0.5837,0.4724
65-12.tiff,0.6631,0.5839,0.4684
65-13.tiff,0.6594,0.5838,0.4736
65-14.tiff,0.6621,0.5846,0.4688
65-15.tiff,0.6629,0.5840,0.4685
65-2.tiff,0.6628,0.5838,0.4690
65-3.tiff,0.6603,0.5843,0.4718
65-4.tiff,0.6601,0.5842,0.4721
65-5.tiff,0.6603,0.5843,0.4719
65-6.tiff,0.6624,0.5844,0.4687
65-7.tiff,0.6629,0.5845,0.4679
65-8.tiff,0.6623,0.5841,0.4692
65-9.tiff,0.6630,0.5843,0.4680
66-1.tiff,0.6378,0.5864,0.4994
66-10.tiff,0.6376,0.5862,0.4999
66-11.tiff,0.6433,0.5857,0.4931
66-12.tiff,0.6405,0.5859,0.4965
66-13.tiff,0.6381,0.5864,0.4990
66-14.tiff,0.6375,0.5865,0.4996
66-15.tiff,0.6434,0.5856,0.4931
66-16.tiff,0.6407,0.5861,0.4960
66-2.tiff,0.6377,0.5838,0.5026
66-3.tiff,0.6318,0.5873,0.5059
66-4.tiff,0.6350,0.5858,0.5037
66-5.tiff,0.6353,0.5863,0.5026
66-6.tiff,0.6356,0.5865,0.5020
66-7.tiff,0.6322,0.5864,0.5064
66-8.tiff,0.6369,0.5858,0.5012
66-9.tiff,0.6377,0.5860,0.4999
67-1.tiff,0.6399,0.5817,0.5022
67-10.tiff,0.6334,0.5859,0.5056
67-11.tiff,0.6335,0.5858,0.5055
67-12.tiff,0.6334,0.5859,0.5056
67-13.tiff,0.6335,0.5858,0.5055
67-14.tiff,0.6333,0.5859,0.5057
67-2.tiff,0.6338,0.5854,0.5056
67-3.tiff,0.6339,0.5854,0.5055
67-4.tiff,0.6346,0.5853,0.5047
67-5.tiff,0.6348,0.5854,0.5044
67-6.tiff,0.6338,0.5853,0.5057
67-7.tiff,0.6339,0.5853,0.5056
67-8.tiff,0.6333,0.5860,0.5055
67-9.tiff,0.6333,0.5861,0.5055
68-1.tiff,0.6483,0.5840,0.4886
68-10.tiff,0.6436,0.5845,0.4941
68-11.tiff,0.6453,0.5836,0.4929
68-12.tiff,0.6470,0.5833,0.4911
68-13.tiff,0.6479,0.5835,0.4897
68-14.tiff,0.6441,0.5841,0.4939
68-15.tiff,0.6441,0.5842,0.4938
68-16.tiff,0.6464,0.5841,0.4910
68-17.tiff,0.6453,0.5843,0.4920
68-2.tiff,0.6375,0.5834,0.5031
68-3.tiff,0.6376,0.5826,0.5041
68-4.tiff,0.6383,0.5848,0.5006
68-5.tiff,0.6406,0.5812,0.5018
68-6.tiff,0.6403,0.5849,0.4980
68-7.tiff,0.6420,0.5839,0.4969
68-8.tiff,0.6381,0.5832,0.5026
68-9.tiff,0.6427,0.5829,0.4971
69-1.tiff,0.6376,0.5867,0.4992
69-10.tiff,0.6383,0.5859,0.4993
69-11.tiff,0.6354,0.5866,0.5021
69-12.tiff,0.6349,0.5865,0.5028
69-13.tiff,0.6352,0.5865,0.5025
69-14.tiff,0.6364,0.5865,0.5010
69-2.tiff,0.6417,0.5822,0.4994
69-3.tiff,0.6435,0.5816,0.4976
69-4.tiff,0.6384,0.5838,0.5017
69-5.tiff,0.6382,0.5820,0.5039
69-6.tiff,0.6451,0.5811,0.4962
69-7.tiff,0.6353,0.5859,0.5032
69-8.tiff,0.6353,0.5867,0.5022
69-9.tiff,0.6369,0.5863,0.5006
7-1.tiff,0.6467,0.5857,0.4886
7-10.tiff,0.6490,0.5850,0.4864
7-11.tiff,0.6490,0.5850,0.4863
7-2.tiff,0.6468,0.5852,0.4891
7-3.tiff,0.6473,0.5852,0.4885
7-4.tiff,0.6478,0.5851,0.4879
7-5.tiff,0.6483,0.5851,0.4873
7-6.tiff,0.6489,0.5850,0.4866
7-7.tiff,0.6481,0.5847,0.4880
7-8.tiff,0.6494,0.5849,0.4859
7-9.tiff,0.6486,0.5852,0.4867
70-1.tiff,0.6523,0.5841,0.4830
70-2.tiff,0.6336,0.5883,0.5024
70-3.tiff,0.6293,0.5885,0.5076
70-4.tiff,0.6336,0.5882,0.5025
70-5.tiff,0.6446,0.5863,0.4907
70-6.tiff,0.6467,0.5858,0.4885
70-7.tiff,0.6523,0.5843,0.4828
71-1.tiff,0.6447,0.5864,0.4905
71-10.tiff,0.6493,0.5854,0.4854
71-11.tiff,0.6483,0.5855,0.4867
71-12.tiff,0.6491,0.5854,0.4857
71-13.tiff,0.6468,0.5854,0.4889
71-2.tiff,0.6499,0.5853,0.4848
71-3.tiff,0.6467,0.5862,0.4879
71-4.tiff,0.6469,0.5858,0.4883
71-5.tiff,0.6473,0.5858,0.4877
71-6.tiff,0.6482,0.5857,0.4866
71-7.tiff,0.6487,0.5854,0.4862
71-8.tiff,0.6514,0.5849,0.4833
71-9.tiff,0.6485,0.5855,0.4865
72-1.tiff,0.6359,0.5863,0.5019
72-10.tiff,0.6368,0.5862,0.5009
72-11.tiff,0.6355,0.5866,0.5020
72-12.tiff,0.6361,0.5863,0.5017
72-13.tiff,0.6350,0.5868,0.5025
72-2.tiff,0.6341,0.5867,0.5038
72-3.tiff,0.6394,0.5850,0.4989
72-4.tiff,0.6372,0.5859,0.5007
72-5.tiff,0.6382,0.5860,0.4993
72-6.tiff,0.6370,0.5858,0.5011
72-7.tiff,0.6353,0.5865,0.5024
72-8.tiff,0.6360,0.5864,0.5017
72-9.tiff,0.6381,0.5864,0.4990
73-1.tiff,0.6358,0.5877,0.5004
73-10.tiff,0.6403,0.5868,0.4957
73-11.tiff,0.6421,0.5859,0.4944
73-12.tiff,0.6412,0.5859,0.4956
73-13.tiff,0.6418,0.5859,0.4947
73-14.tiff,0.6419,0.5860,0.4946
73-15.tiff,0.6407,0.5865,0.4954
73-2.tiff,0.6380,0.5875,0.4978
73-3.tiff,0.6293,0.5888,0.5073
73-4.tiff,0.6378,0.5861,0.4996
73-5.tiff,0.6392,0.5858,0.4982
73-6.tiff,0.6402,0.5859,0.4969
73-7.tiff,0.6405,0.5862,0.4961
73-8.tiff,0.6419,0.5858,0.4948
73-9.tiff,0.6416,0.5869,0.4938
74-1.tiff,0.6472,0.5817,0.4927
74-10.tiff,0.6464,0.5830,0.4922
74-11.tiff,0.6495,0.5829,0.4882
74-12.tiff,0.6502,0.5836,0.4864
74-13.tiff,0.6463,0.5834,0.4919
74-14.tiff,0.6482,0.5854,0.4869
74-15.tiff,0.6471,0.5833,0.4910
74-16.tiff,0.6460,0.5836,0.4920
74-17.tiff,0.6484,0.5822,0.4906
74-18.tiff,0.6495,0.5829,0.4882
74-19.tiff,0.6460,0.5848,0.4906
74-2.tiff,0.6469,0.5852,0.4889
74-3.tiff,0.6418,0.5860,0.4947
74-4.tiff,0.6424,0.5865,0.4933
74-5.tiff,0.6484,0.5841,0.4883
74-6.tiff,0.6494,0.5837,0.4875
74-7.tiff,0.6492,0.5839,0.4874
74-8.tiff,0.6492,0.5838,0.4876
74-9.tiff,0.6495,0.5837,0.4873
75-1.tiff,0.6448,0.5848,0.4921
75-10.tiff,0.6436,0.5845,0.4941
75-11.tiff,0.6464,0.5845,0.4905
75-12.tiff,0.6422,0.5824,0.4984
75-13.tiff,0.6421,0.5840,0.4967
75-14.tiff,0.6446,0.5838,0.4935
75-2.tiff,0.6414,0.5849,0.4964
75-3.tiff,0.6456,0.5849,0.4910
75-4.tiff,0.6445,0.5848,0.4925
75-5.tiff,0.6428,0.5852,0.4943
75-6.tiff,0.6445,0.5844,0.4930
75-7.tiff,0.6440,0.5845,0.4936
75-8.tiff,0.6441,0.5847,0.4932
75-9.tiff,0.6483,0.5827,0.4901
76-1.tiff,0.6394,0.5865,0.4972
76-10.tiff,0.6383,0.5860,0.4991
76-11.tiff,0.6408,0.5864,0.4954
76-12.tiff,0.6419,0.5824,0.4988
76-13.tiff,0.6372,0.5867,0.4998
76-14.tiff,0.6381,0.5848,0.5007
76-15.tiff,0.6358,0.5864,0.5019
76-16.tiff,0.6366,0.5856,0.5019
76-17.tiff,0.6377,0.5863,0.4996
76-18.tiff,0.6382,0.5860,0.4993
76-19.tiff,0.6388,0.5849,0.4998
76-2.tiff,0.6346,0.5850,0.5050
76-20.tiff,0.6385,0.5854,0.4997
76-21.tiff,0.6381,0.5855,0.5000
76-3.tiff,0.6413,0.5814,0.5008
76-4.tiff,0.6394,0.5805,0.5042
76-5.tiff,0.6380,0.5812,0.5051
76-6.tiff,0.6407,0.5806,0.5024
76-7.tiff,0.6407,0.5808,0.5021
76-8.tiff,0.6413,0.5845,0.4970
76-9.tiff,0.6411,0.5849,0.4969
77-1.tiff,0.6379,0.5845,0.5015
77-2.tiff,0.6282,0.5857,0.5122
77-3.tiff,0.6362,0.5845,0.5036
77-4.tiff,0.6433,0.5827,0.4966
77-5.tiff,0.6380,0.5835,0.5024
77-6.tiff,0.6397,0.5836,0.5003
77-7.tiff,0.6377,0.5852,0.5009
77-8.tiff,0.6390,0.5852,0.4992
77-9.tiff,0.6420,0.5841,0.4966
78-1.tiff,0.6481,0.5837,0.4892
78-10.tiff,0.6443,0.5851,0.4924
78-11.tiff,0.6487,0.5849,0.4870
78-12.tiff,0.6495,0.5843,0.4866
78-13.tiff,0.6493,0.5841,0.4871
78-14.tiff,0.6503,0.5847,0.4850
78-15.tiff,0.6489,0.5847,0.4869
78-16.tiff,0.6486,0.5828,0.4895
78-17.tiff,0.6477,0.5824,0.4913
78-18.tiff,0.6469,0.5854,0.4887
78-19.tiff,0.6451,0.5852,0.4913
78-2.tiff,0.6430,0.5850,0.4944
78-3.tiff,0.6446,0.5862,0.4908
78-4.tiff,0.6464,0.5853,0.4895
78-5.tiff,0.6453,0.5845,0.4919
78-6.tiff,0.6482,0.5849,0.4876
78-7.tiff,0.6515,0.5851,0.4830
78-8.tiff,0.6488,0.5830,0.4890
78-9.tiff,0.6473,0.5839,0.4900
79-1.tiff,0.6420,0.5841,0.4966
79-10.tiff,0.6330,0.5854,0.5066
79-11.tiff,0.6372,0.5836,0.5034
79-12.tiff,0.6385,0.5830,0.5025
79-2.tiff,0.6356,0.5844,0.5044
79-3.tiff,0.6409,0.5832,0.4991
79-4.tiff,0.6398,0.5832,0.5005
79-5.tiff,0.6429,0.5827,0.4971
79-6.tiff,0.6361,0.5830,0.5054
79-7.tiff,0.6395,0.5824,0.5018
79-8.tiff,0.6397,0.5825,0.5015
79-9.tiff,0.6385,0.5843,0.5010
8-1.tiff,0.6372,0.5859,0.5007
8-2.tiff,0.6286,0.5877,0.5093
8-3.tiff,0.6356,0.5859,0.5027
8-4.tiff,0.6379,0.5851,0.5007
8-5.tiff,0.6409,0.5856,0.4963
8-6.tiff,0.6430,0.5854,0.4937
8-7.tiff,0.6407,0.5859,0.4963
8-8.tiff,0.6429,0.5855,0.4939
8-9.tiff,0.6429,0.5855,0.4939
80-1.tiff,0.6408,0.5828,0.4997
80-10.tiff,0.6443,0.5839,0.4939
80-11.tiff,0.6476,0.5840,0.4895
80-12.tiff,0.6448,0.5846,0.4924
80-13.tiff,0.6412,0.5845,0.4972
80-14.tiff,0.6410,0.5851,0.4968
80-15.tiff,0.6381,0.5847,0.5009
80-16.tiff,0.6404,0.5841,0.4987
80-17.tiff,0.6436,0.5840,0.4947
80-2.tiff,0.6377,0.5828,0.5038
80-3.tiff,0.6354,0.5860,0.5029
80-4.tiff,0.6403,0.5855,0.4972
80-5.tiff,0.6411,0.5854,0.4962
80-6.tiff,0.6402,0.5855,0.4972
80-7.tiff,0.6404,0.5846,0.4982
80-8.tiff,0.6407,0.5846,0.4977
80-9.tiff,0.6407,0.5846,0.4977
81-1.tiff,0.6488,0.5843,0.4876
81-10.tiff,0.6461,0.5843,0.4910
81-11.tiff,0.6499,0.5817,0.4892
81-12.tiff,0.6492,0.5826,0.4890
81-13.tiff,0.6474,0.5829,0.4911
81-14.tiff,0.6474,0.5829,0.4910
81-15.tiff,0.6495,0.5828,0.4883
81-16.tiff,0.6481,0.5840,0.4888
81-17.tiff,0.6471,0.5830,0.4912
81-2.tiff,0.6470,0.5840,0.4903
81-3.tiff,0.6491,0.5821,0.4898
81-4.tiff,0.6497,0.5808,0.4904
81-5.tiff,0.6437,0.5863,0.4918
81-6.tiff,0.6483,0.5809,0.4923
81-7.tiff,0.6487,0.5823,0.4900
81-8.tiff,0.6441,0.5868,0.4908
81-9.tiff,0.6438,0.5850,0.4932
82-1.tiff,0.6406,0.5852,0.4972
82-10.tiff,0.6408,0.5857,0.4963
82-11.tiff,0.6426,0.5856,0.4942
82-12.tiff,0.6421,0.5858,0.4946
82-13.tiff,0.6402,0.5855,0.4973
82-14.tiff,0.6419,0.5852,0.4954
82-15.tiff,0.6410,0.5856,0.4962
82-16.tiff,0.6443,0.5851,0.4924
82-17.tiff,0.6404,0.5858,0.4967
82-18.tiff,0.6406,0.5858,0.4965
82-2.tiff,0.6411,0.5853,0.4964
82-3.tiff,0.6406,0.5856,0.4967
82-4.tiff,0.6383,0.5860,0.4992
82-5.tiff,0.6374,0.5862,0.5001
82-6.tiff,0.6380,0.5862,0.4994
82-7.tiff,0.6369,0.5862,0.5007
82-8.tiff,0.6372,0.5862,0.5002
82-9.tiff,0.6384,0.5861,0.4989
83-1.tiff,0.6446,0.5843,0.4931
83-10.tiff,0.6407,0.5863,0.4957
83-11.tiff,0.6411,0.5859,0.4958
83-12.tiff,0.6380,0.5870,0.4984
83-13.tiff,0.6395,0.5866,0.4970
83-14.tiff,0.6415,0.5857,0.4955
83-15.tiff,0.6384,0.5863,0.4988
83-16.tiff,0.6371,0.5870,0.4996
83-17.tiff,0.6429,0.5857,0.4935
83-18.tiff,0.6422,0.5859,0.4943
83-2.tiff,0.6448,0.5841,0.4930
83-3.tiff,0.6381,0.5859,0.4995
83-4.tiff,0.6377,0.5869,0.4989
83-5.tiff,0.6369,0.5871,0.4997
83-6.tiff,0.6413,0.5860,0.4953
83-7.tiff,0.6407,0.5860,0.4961
83-8.tiff,0.6402,0.5846,0.4985
83-9.tiff,0.6443,0.5841,0.4936
84-1.tiff,0.6312,0.5877,0.5062
84-10.tiff,0.6364,0.5866,0.5009
84-11.tiff,0.6360,0.5867,0.5013
84-12.tiff,0.6380,0.5854,0.5002
84-13.tiff,0.6363,0.5866,0.5010
84-14.tiff,0.6314,0.5875,0.5061
84-15.tiff,0.6304,0.5876,0.5073
84-16.tiff,0.6333,0.5872,0.5041
84-17.tiff,0.6337,0.5872,0.5036
84-18.tiff,0.6352,0.5864,0.5027
84-2.tiff,0.6406,0.5843,0.4982
84-3.tiff,0.6382,0.5858,0.4996
84-4.tiff,0.6414,0.5838,0.4977
84-5.tiff,0.6360,0.5867,0.5013
84-6.tiff,0.6321,0.5874,0.5053
84-7.tiff,0.6304,0.5876,0.5072
84-8.tiff,0.6321,0.5872,0.5056
84-9.tiff,0.6344,0.5871,0.5028
85-1.tiff,0.6249,0.5891,0.5124
85-10.tiff,0.6195,0.5903,0.5174
85-11.tiff,0.6271,0.5888,0.5099
85-12.tiff,0.6260,0.5891,0.5110
85-13.tiff,0.6220,0.5898,0.5150
85-14.tiff,0.6226,0.5895,0.5147
85-15.tiff,0.6236,0.5893,0.5136
85-16.tiff,0.6268,0.5885,0.5107
85-17.tiff,0.6244,0.5892,0.5128
85-18.tiff,0.6244,0.5893,0.5127
85-19.tiff,0.6263,0.5888,0.5110
85-2.tiff,0.6256,0.5890,0.5116
85-20.tiff,0.6247,0.5891,0.5125
85-21.tiff,0.6244,0.5893,0.5127
85-22.tiff,0.6244,0.5894,0.5125
85-23.tiff,0.6263,0.5888,0.5109
85-24.tiff,0.6250,0.5891,0.5122
85-25.tiff,0.6214,0.5900,0.5155
85-26.tiff,0.6249,0.5890,0.5123
85-3.tiff,0.6267,0.5888,0.5104
85-4.tiff,0.6276,0.5887,0.5094
85-5.tiff,0.6262,0.5891,0.5107
85-6.tiff,0.6255,0.5892,0.5115
85-7.tiff,0.6249,0.5894,0.5120
85-8.tiff,0.6221,0.5901,0.5146
85-9.tiff,0.6213,0.5902,0.5154
86-1.tiff,0.6365,0.5854,0.5022
86-10.tiff,0.6419,0.5837,0.4973
86-11.tiff,0.6372,0.5863,0.5003
86-12.tiff,0.6358,0.5866,0.5017
86-13.tiff,0.6356,0.5851,0.5036
86-14.tiff,0.6368,0.5848,0.5026
86-15.tiff,0.6359,0.5864,0.5018
86-16.tiff,0.6351,0.5864,0.5027
86-17.tiff,0.6370,0.5841,0.5030
86-18.tiff,0.6377,0.5855,0.5006
86-19.tiff,0.6367,0.5850,0.5025
86-2.tiff,0.6382,0.5857,0.4996
86-20.tiff,0.6334,0.5861,0.5053
86-21.tiff,0.6320,0.5857,0.5075
86-22.tiff,0.6314,0.5861,0.5078
86-3.tiff,0.6374,0.5861,0.5003
86-4.tiff,0.6403,0.5863,0.4963
86-5.tiff,0.6392,0.5864,0.4976
86-6.tiff,0.6396,0.5829,0.5012
86-7.tiff,0.6372,0.5841,0.5029
86-8.tiff,0.6380,0.5838,0.5021
86-9.tiff,0.6365,0.5849,0.5028
87-1.tiff,0.6509,0.5831,0.4861
87-10.tiff,0.6500,0.5821,0.4885
87-11.tiff,0.6514,0.5832,0.4854
87-12.tiff,0.6505,0.5825,0.4874
87-13.tiff,0.6506,0.5825,0.4872
87-14.tiff,0.6502,0.5825,0.4877
87-15.tiff,0.6501,0.5834,0.4869
87-16.tiff,0.6505,0.5826,0.4873
87-17.tiff,0.6511,0.5826,0.4865
87-18.tiff,0.6513,0.5831,0.4857
87-19.tiff,0.6491,0.5830,0.4886
87-2.tiff,0.6500,0.5826,0.4880
87-20.tiff,0.6505,0.5834,0.4864
87-3.tiff,0.6501,0.5825,0.4879
87-4.tiff,0.6495,0.5834,0.4877
87-5.tiff,0.6509,0.5828,0.4865
87-6.tiff,0.6509,0.5827,0.4867
87-7.tiff,0.6516,0.5832,0.4851
87-8.tiff,0.6513,0.5832,0.4856
87-9.tiff,0.6508,0.5827,0.4868
88-1.tiff,0.7243,0.5720,0.3851
88-10.tiff,0.7274,0.5710,0.3806
88-11.tiff,0.7275,0.5710,0.3805
88-12.tiff,0.7272,0.5720,0.3795
88-13.tiff,0.7132,0.5747,0.4012
88-14.tiff,0.7106,0.5752,0.4052
88-15.tiff,0.7039,0.5765,0.4149
88-16.tiff,0.7140,0.5752,0.3991
88-17.tiff,0.6989,0.5774,0.4221
88-2.tiff,0.7251,0.5713,0.3844
88-3.tiff,0.7190,0.5722,0.3945
88-4.tiff,0.7087,0.5747,0.4092
88-5.tiff,0.6918,0.5786,0.4320
88-6.tiff,0.7214,0.5716,0.3910
88-7.tiff,0.7269,0.5711,0.3813
88-8.tiff,0.7259,0.5713,0.3829
88-9.tiff,0.7259,0.5712,0.3832
89-1.tiff,0.6456,0.5853,0.4905
89-10.tiff,0.6449,0.5854,0.4914
89-11.tiff,0.6478,0.5842,0.4890
89-12.tiff,0.6469,0.5842,0.4900
89-13.tiff,0.6455,0.5858,0.4901
89-14.tiff,0.6445,0.5853,0.4921
89-15.tiff,0.6445,0.5853,0.4920
89-16.tiff,0.6454,0.5851,0.4909
89-17.tiff,0.6464,0.5856,0.4890
89-18.tiff,0.6463,0.5850,0.4899
89-19.tiff,0.6449,0.5853,0.4915
89-2.tiff,0.6462,0.5840,0.4913
89-3.tiff,0.6473,0.5814,0.4929
89-4.tiff,0.6433,0.5856,0.4933
89-5.tiff,0.6429,0.5857,0.4936
89-6.tiff,0.6451,0.5854,0.4911
89-7.tiff,0.6455,0.5854,0.4905
89-8.tiff,0.6468,0.5821,0.4928
89-9.tiff,0.6451,0.5851,0.4914
9-1.tiff,0.6311,0.5881,0.5058
9-10.tiff,0.6266,0.5877,0.5118
9-11.tiff,0.6295,0.5877,0.5082
9-12.tiff,0.6291,0.5878,0.5087
9-2.tiff,0.6302,0.5872,0.5079
9-3.tiff,0.6275,0.5877,0.5107
9-4.tiff,0.6290,0.5875,0.5091
9-5.tiff,0.6309,0.5872,0.5071
9-6.tiff,0.6309,0.5877,0.5066
9-7.tiff,0.6291,0.5878,0.5086
9-8.tiff,0.6268,0.5876,0.5117
9-9.tiff,0.6270,0.5876,0.5114